﻿Codigo;Descripcion;Stock Minimo;Stock;Estado
1194652;ACRIZINC NEGRO 1 GAL;2,5;0,0;STOCK BAJO NIVEL CRITICO
1269909;ADHESIVO AC EN PASTA 25 KG;7,888;24,0;STOCK OK
1177641;ADHESIVO EN POLVO 25 KG 1 SAC O;47,25;96,0;STOCK OK
1194257;ALFOMBRA PHOENIX CENIZA 380 GR S WIENER 1 M2;263,55;6221,7;STOCK OK
1177895;ANTICORROSIVO NEGRO 1 GAL;2,5;0,0;STOCK BAJO NIVEL CRITICO
1274812;BASE COAT 20 KG 1 SACO;95,25;128,0;STOCK OK
1178193;"BROCHA 2"" 1 UN";15;0,0;STOCK BAJO NIVEL CRITICO
1179508;"BROCHA 4"" 1 UN";11,25;41,0;STOCK OK
1208153;CALEFON SPLENDID 10 LTS IONIZA DO G.L. 1 UN CON FLEXIBLES;5;0,0;STOCK BAJO NIVEL CRITICO
1191849;CALEFON SPLENDID 7 LTS IONIZAD O 1 UN CON FLEXIBLES;5;0,0;STOCK BAJO NIVEL CRITICO
1178222;"CANERIA CU 3/4"" TIPO L 1 ML";10;137,0;STOCK OK
1191945;CAVE TECNOBOND 20 KG;0,88;3,5;STOCK OK
1189722;CELOSIA 20 X 20 BLANCA 1 UN;15;115,0;STOCK OK
1286080;CERAMICA SOLANA BEIGE 45 X 45;165,6375;234,4;STOCK OK
1295381;CERAMICA NEW BLANCA BRILL 20 X;51,765;178,1;STOCK OK
1193027;CERRADURA CILINDRICA INOX YALE ACCESO LLAVE 1 UN;5;15,0;STOCK OK
1193060;CERRADURA CILINDRICA INOX YALE BANO 134640 1 UN;10;29,0;STOCK OK
1248251;CERRADURA CILINDRICA INOX YALE OFICINA-DORMITORIO 134630 1 UN;5;0,0;STOCK BAJO NIVEL CRITICO
1193086;CERRADURA CILINDRICA INOX YALE S/PASO 1 UN;20;22,0;CERCA DE NIVEL CRITICO
1252664;CERROJO INOX LLAVE LLAVE 1 UN;5;64,0;STOCK OK
1179591;"DESAGUE LAVATORIO 1 1/4"" 1 UN";10;5,0;STOCK BAJO NIVEL CRITICO
1256198;"DESAGUE LAVATORIO 1 1/4"" C/REB /REJ 1 UN";10;28,0;STOCK OK
1177879;DESAGUE TINA/REBALSE/SIFON 1 UN;10;32,0;STOCK OK
1290581;ESTANQUE LUGANO 1 UN;10;215,0;STOCK OK
1291188;EXTRACTOR RETON 100 BTH HIGRO 1 UN;15;42,0;STOCK OK
1208621;FRAGUE CERAMICO ALMOND 1 KG;63,1;120,0;STOCK OK
1179524;FRAGUE CERAMICO BLANCO 1 KG;19,72;31,0;STOCK OK
1182889;LANA DE VIDRIO 100 MM 1 M2;400;783,0;STOCK OK
1194492;LANA DE VIDRIO 140 MM 1 M2;400;693,0;STOCK OK
1295453;LATEX CIELOLAT BLANCO 1T;12;34,0;STOCK OK
1295488;LATEX CIELOLAT MARFIL 1T;15;47,2;STOCK OK
1192260;LAVAMANOS VALENCIA 1 UN;10;103,0;STOCK OK
1189191;LAVAPLATO ACERO INOX. DERECHO 0,80 MTS CEMCO 1 UN;5;11,0;STOCK OK
1189175;LAVAPLATO ACERO INOX. IZQUIERD O 0,80 MTS CEMCO 1 UN;5;10,0;STOCK OK
1251346;MALLA DE FIBRA DE VIDRIO 1X50 MTS 1 UN;8,125;28,1;STOCK OK
1270432;MARMOLINA BEIGE (25 KG) 1 TINETA;9,533333333;11,0;CERCA DE NIVEL CRITICO
1270483;MARMOLINA BLANCA (25 KG) 1 TINETA;1,25;6,0;STOCK OK
1270459;MARMOLINA GRIS ARENA (25 KG) 1 TINETA;9,533333333;30,0;STOCK OK
1270441;MARMOLINA MOSTAZA (25 KG) 1 TINETA;9,533333333;0,0;STOCK BAJO NIVEL CRITICO
1192956;MASTERSEAL 550 30 KG 1 JUEGO;5;20,0;STOCK OK
1274821;MASTERWALL BEIGE (IC) 23 KG 1 TINETA;1,833333333;12,0;STOCK OK
1274839;MASTERWALL GRIS ARENA(SR) 23KG 1 TINETA;1,833333333;12,0;STOCK OK
1274847;MASTERWALL MOSTAZA (GS) 23 KG 1 TINETA;1,833333333;13,0;STOCK OK
1182803;"MEDIDOR AGUA POTABLE 3/4"" 1 U N";5;33,0;STOCK OK
1299451;PASTA MURO CI-2005 24 KG 1 TIN;18;38,0;STOCK OK
1264585;MONOMANDO LAVAPLATO LINEA ORNE LLA STRETTO 1 UN;5;17,0;STOCK OK
1184121;MONOMANDO LAVATORIO ORNELLA MO SAICO 1 UN;10;26,0;STOCK OK
1184139;MONOMANDO TINA-DUCHA ORNELLA M OSAICO 1 UN;10;29,0;STOCK OK
1182483;MUEBLE LAVAPLATO 0,8 MTS 1 UN;5;0,0;STOCK BAJO NIVEL CRITICO
1274791;NIVELADOR AOCEM MIX-A (20 KG) 1 SACO;15,215;94,8;STOCK OK
1180074;OLEO OPACO BLANCO 1 GAL;8,5;58,0;STOCK OK
1183945;OLEO OPACO MARFIL 1 GAL;2,5;14,0;STOCK OK
1183136;PAPEL FIELTRO 10/40 1 ROLLO;20;8,1;STOCK BAJO NIVEL CRITICO
1191662;PEDESTAL UNIVERSAL 1 UN;10;236,0;STOCK OK
1201470;PEGAMENTO ALFOMBRA PATEL;4,15;24,8;STOCK OK
1178821;"PINO 2"" X 10"" X 3,20 MT CEPIL LADO";20;3,0;STOCK BAJO NIVEL CRITICO
1193713;"PINO 2"" X 2"" X 3,20 MT IMPREGN ADO";447,5;0,0;STOCK BAJO NIVEL CRITICO
1188105;PLANCHA FIBROCEMENTO 4 MM 1 P LANCHA;80;147,0;STOCK OK
1192999;PLANCHA OSB STD 9,5 MM X 2,44 X 1,22 MTS 1 PLANCHA;5;70,0;STOCK OK
1179698;PLANCHA YESO-CARTON ST 10 MM 1 ,20 X 2,40 1 PLANCHA;300;468,0;STOCK OK
1278928;POLIESTIRENO EXP. 30 MM (20KG/ M3) 1 PLANCHA;75;474,0;STOCK OK
1278944;POLIESTIRENO EXP. 70 MM (20KG/ M3) 1 PLANCHA;60;80,0;STOCK OK
1278952;POLIESTIRENO EXP. 80 MM (20KG/ M3) 1 PLANCHA;665;1675,0;STOCK OK
1192112;PUERTA HDF PRESTIGE 0,65 X 2 M T INTERIOR 1 UN;5;21,0;STOCK OK
1192121;PUERTA HDF PRESTIGE 0,70 X 2 M T INTERIOR 1 UN;20;96,0;STOCK OK
1188471;PUERTA TERCIADO 0,75 X 2 MTS. EXT. C/C 1 UN;5;17,0;STOCK OK
1260955;PUERTA PROTEGIDA HDF 0,8X2MTS PRESTIGE;5;26,0;STOCK OK
1187241;REGULADOR P/GAS 45KG RI 11100 1 UN;5;17,0;STOCK OK
1196455;SILICONA SANISIL BLCO 1 UN;7;34,0;STOCK OK
1177650;SILICONA SIKACRYL AS BLANCO P;35;141,0;STOCK OK
1187671;"TAPACAN SMARTSIDE TRIM 5 1/2"" LP 1 UN";27,5;14,0;STOCK BAJO NIVEL CRITICO
1187751;"TAPACAN SMARTSIDE TRIM 7 1/4"" LP 1 UN";22,5;1,0;STOCK BAJO NIVEL CRITICO
1188463;TERCIADO ESTRUCTURAL 12 MM 1 PLANCHA;5;1,0;STOCK BAJO NIVEL CRITICO
1177490;THOMSIT MONTAJE PL 500 3,8 KG 1 GAL;15;25,3;STOCK OK
1180331;TINA 1,20 X 0,70 MTS BLANCA ES MALTADA 1 UN;5;19,0;STOCK OK
1256817;TINA BAÑO 1,3X0,7 BLANCA 1UN;5;20,0;STOCK OK
1272315;TUBERIA PEX 20 MM;35;247,0;STOCK OK
1198151;VENTANA TECHO 55 X 78 CM 1 UN;5;2,0;STOCK BAJO NIVEL CRITICO
1275065;"VENTILACION PASIVA 4"" 1 UN";25;78,0;STOCK OK
1290599;WC LUGANO DESC. MURO 1 UN;5;90,0;STOCK OK
1290601;WC LUGANO DESC. PISO 1 UN;5;119,0;STOCK OK
1268615;YESO EXPRESS 25 KG;56,25;110,0;STOCK OK
;;;;
;;;;
;;;;
;;;;
;;;;
;;;;
;;;;
;;;;
;;;;
;;;;
;;;;
;;;;
;;;;
;;;;
;;;;
;;;;
;;;;
;;;;
;;;;
;;;;
;;;;
;;;;
;;;;
;;;;
;;;;
;;;;
;;;;
;;;;
;;;;
;;;;
;;;;
;;;;
;;;;
;;;;
